[
  {
    "title": "Toyota Parts",
    "children": [
      { "title": "Transmission Drivetrain" },
      { "title": "Electrical Parts" },
      { "title": "Lights" }
    ]
  },
  {
    "title": "Nissan Parts",
    "children": [
      { "title": "Transmission Drivetrain" },
      { "title": "Electrical Parts" },
      { "title": "Lightings" }
    ]
  },
  {
    "title": "Engine Parts",
    "children": [
      { "title": "Engine & Components" },
      { "title": "Fuel Tanks" },
      { "title": "Exhaust Parts" },
      { "title": "Pumps" },
      { "title": "Starters" },
      { "title": "Fuel Injectors" }
    ]
  },
  {
    "title": "Electrical",
    "children": [
      { "title": "Computer/Sensors" },
      { "title": "Motors" },
      { "title": "Fuse Boxes" },
      { "title": "Meters" },
      { "title": "Alternators" },
      { "title": "Other Electrical Components" }
    ]
  },
  {
    "title": "Transmission & Drivetrain",
    "children": [
      { "title": "Transmission Assy." },
      { "title": "Drive Shafts" },
      { "title": "Shock Absorbers" },
      { "title": "Suspension & Components" },
      { "title": "Wheels" },
      { "title": "Steering Gearbox Assemblies" },
      { "title": "Brake+Knuckle Parts" }
    ]
  },
  {
    "title": "Lightings",
    "children": [
      { "title": "Headlights" },
      { "title": "HID Modules" },
      { "title": "Fog Lamps" },
      { "title": "Rear Lights" },
      { "title": "Misc. Lights" }
    ]
  },
  {
    "title": "Doors",
    "children": [
      { "title": "Doors" },
      { "title": "Tail Gate" },
      { "title": "Side Door Mirrors" },
      { "title": "Door Locks" },
      { "title": "Door Trims" },
      { "title": "Door Window Regulators" },
      { "title": "Power Window Switches" }
    ]
  },
  {
    "title": "Body Parts",
    "children": [
      { "title": "Chassis" },
      { "title": "Bumpers" },
      { "title": "Fenders" },
      { "title": "Bonnets/Hoods" },
      { "title": "Windshields-Glass" },
      { "title": "Radiator Grilles" },
      { "title": "Spoilers" },
      { "title": "Other Exterior" }
    ]
  },
  {
    "title": "Cooling Components",
    "children": [
      { "title": "Air Conditioner Assemblies" },
      { "title": "Radiators" },
      { "title": "A/C Compressors" },
      { "title": "A/C Control Panels" },
      { "title": "Radiator Cooling Fan" },
      { "title": "Radiator Support" },
      { "title": "Condensers" }
    ]
  },
  {
    "title": "Interior Parts",
    "children": [
      { "title": "Steering Wheels/Parts" },
      { "title": "Headrests" },
      { "title": "Floor Mats" },
      { "title": "Sun Visors" },
      { "title": "Seat Belts" },
      { "title": "Seats" },
      { "title": "Audio" },
      { "title": "Misc. Interior" }
    ]
  }
]
